Date,XLB,XLC,XLE,XLF,XLI,XLK,XLP,XLRE,XLU,XLV,XLY,Daily Total
2018-08-15,1832.1,12788.7,0.0,12261.4,17028.8,20393.7,0.0,4373.9,0.0,0.0,31321.4,100000.0
2018-08-16,1843.8605308813321,12783.465165779782,0.0,12416.048288288288,17238.021367521367,20472.191216494848,0.0,4409.321505698859,0.0,0.0,31472.602896477743,100635.51
2018-08-17,1856.7335444136015,12723.264572247239,0.0,12442.559423423423,17344.906196581196,20514.24008247423,0.0,4449.9906418716255,0.0,0.0,31503.403486500985,100835.1
2018-08-20,1869.9244101318527,12733.73424068768,0.0,12482.326126126125,17456.33931623932,20480.600989690724,0.0,4453.270410917816,0.0,0.0,31702.207294832828,101178.4
2018-08-21,1877.2350104094378,12822.726422431439,0.0,12530.929873873873,17588.239743589744,20503.027051546393,0.0,4413.913182363527,0.0,0.0,31976.61255140354,101712.68
2018-08-22,1868.6530013879249,12812.256753990998,0.0,12500.000216216216,17424.501282051282,20564.698721649485,0.0,4387.0190761847625,0.0,0.0,32018.613355980688,101575.74
2018-08-23,1855.6210617626648,12754.673577568565,0.0,12438.1409009009,17369.921794871792,20606.74758762887,0.0,4377.835722855428,0.0,0.0,31968.212390488112,101371.15
2018-08-24,1878.1885669673836,12932.657941056079,0.0,12473.489081081081,17442.694444444445,20819.795175257732,0.0,4405.38578284343,0.0,0.0,32153.01593062757,102105.23
2018-08-27,1904.888150589868,13068.763630781827,0.0,12636.974414414415,17654.189957264956,21013.219958762886,0.0,4401.450059988001,0.0,0.0,32377.0202217057,103056.51
2018-08-28,1898.2132546842467,13006.861716127714,0.0,12630.34663063063,17633.72264957265,21049.662309278352,0.0,4453.9263647270545,0.0,0.0,32441.421455390668,103114.15
2018-08-29,1911.563046495489,13081.85071633238,0.0,12628.137369369368,17649.641666666666,21234.67731958763,0.0,4448.678734253148,0.0,0.0,32808.22848203111,103762.78
2018-08-30,1890.2669500346979,13000.710785918955,0.0,12526.511351351352,17520.015384615384,21173.005649484538,0.0,4423.752489502099,0.0,0.0,32615.024780976222,103149.29
2018-08-31,1884.8634628730047,12875.074764633648,0.0,12513.255783783783,17526.837820512817,21184.21868041237,0.0,4442.119196160767,0.0,0.0,32743.827248346148,103170.2
2018-09-04,1871.1958188757803,12718.029738027019,0.0,12588.370666666666,17529.111965811964,21122.547010309278,0.0,4402.761967606479,0.0,0.0,32825.02880386197,103057.05
2018-09-05,1882.638497571131,12542.662791649613,0.0,12588.370666666666,17638.27094017094,20842.2212371134,0.0,4428.344166166767,0.0,0.0,32466.62193813696,102389.13
2018-09-06,1886.4527238029145,12461.522861236186,0.0,12522.092828828829,17697.398717948716,20693.648577319585,0.0,4443.431103779243,0.0,0.0,32365.820007151797,102070.37
2018-09-07,1875.327897293546,12479.844781006961,0.0,12513.255783783783,17647.36752136752,20626.370391752578,0.0,4388.330983803239,0.0,0.0,32363.01995351332,101893.52
2018-09-10,1876.9171582234555,12502.825703233731,0.0,12504.41873873874,17738.333333333332,20690.845319587632,0.0,4413.257228554288,0.0,0.0,32483.422259967818,102210.02
2018-09-11,1880.7313844552393,12634.272390503482,0.0,12515.465045045044,17726.962606837606,20864.647298969077,0.0,4410.633413317336,0.0,0.0,32743.827248346148,102776.54
2018-09-12,1881.6849410131852,12595.011133851822,0.0,12402.792720720721,17788.36452991453,20783.35282474227,0.0,4417.192951409717,0.0,0.0,32808.22848203111,102676.63
2018-09-13,1888.99554129077,12678.768481375359,0.0,12385.118630630632,17881.604487179484,21016.023216494847,0.0,4443.431103779243,0.0,0.0,32841.829125692835,103135.77
2018-09-14,1888.3598369188062,12663.063978714697,0.0,12469.070558558558,17979.392735042737,21004.810185567014,0.0,4405.38578284343,0.0,0.0,32741.027194707673,103151.11
2018-09-17,1894.7168806384452,12545.280208759723,0.0,12429.303855855855,17986.21517094017,20744.107216494845,0.0,4429.000119976004,0.0,0.0,32332.219363490076,102360.84
2018-09-18,1896.9418459403191,12621.185304952927,0.0,12480.116864864865,18149.95363247863,20867.45055670103,0.0,4404.0738752249545,0.0,0.0,32746.627301984623,103166.35
2018-09-19,1917.9200902151283,12660.446561604585,0.0,12698.83372972973,18138.58290598291,20825.401690721654,0.0,4362.0928314337125,0.0,0.0,32757.827516538528,103361.11
2018-09-20,1937.6269257460096,12796.552251330333,0.0,12804.87827027027,18161.324358974358,21063.678597938146,0.0,4396.202429514096,0.0,0.0,32973.43164670123,104133.69
2018-09-21,1924.2771339347673,12678.768481375359,0.0,12694.415207207207,18124.938034188035,20934.728742268046,0.0,4346.349940011997,0.0,0.0,32752.227409261577,103455.7
2018-09-24,1897.577550312283,12712.794903806796,0.0,12559.650270270271,17886.152777777777,21007.61344329897,0.0,4263.69976004799,0.0,0.0,32525.423064544968,102852.91
2018-09-25,1888.3598369188062,12708.86877814163,0.0,12508.83726126126,17831.573290598288,20993.597154639177,0.0,4258.452129574085,0.0,0.0,32654.225531914894,102843.91
2018-09-26,1868.9708535739067,12767.760663119117,0.0,12358.607495495495,17808.83183760684,20915.10593814433,0.0,4211.223455308937,0.0,0.0,32732.627033792243,102663.13
2018-09-27,1852.442539902845,12872.457347523537,0.0,12314.42227027027,17836.12158119658,21027.236247422683,0.0,4224.342531493701,0.0,0.0,32844.62917933131,102971.65
2018-09-28,1840.9998612074946,12820.109005321327,0.0,12181.866594594594,17824.750854700855,21114.137237113402,0.0,4279.442651469705,0.0,0.0,32811.02853566959,102872.33
2018-10-01,1860.0709923664122,12770.378080229228,0.0,12230.470342342342,17987.92077991453,21215.054515463922,0.0,4244.021145770846,0.0,0.0,32749.4273556231,103057.34
2018-10-02,1868.3351492019428,12780.84774866967,0.0,12230.470342342342,18020.32735042735,21212.25125773196,0.0,4232.869931013796,0.0,0.0,32279.01834435902,102624.12
2018-10-03,1854.0318008327547,12838.430925092101,0.0,12336.514882882884,18099.922435897435,21282.33270103093,0.0,4190.2329334133165,0.0,0.0,32169.81625245843,102771.28
2018-10-04,1846.403348369188,12634.272390503482,0.0,12429.303855855855,18045.342948717946,20906.696164948455,0.0,4163.994781043791,0.0,0.0,31682.60691936349,101708.62
2018-10-05,1831.782147814018,12508.636369218175,0.0,12376.281585585586,17958.925427350427,20645.99319587629,0.0,4163.994781043791,0.0,0.0,31436.202199177544,100921.82
2018-10-08,1831.1464434420539,12474.609946786739,0.0,12452.76621045045,17995.31175213675,20404.913030927837,0.0,4219.094901019795,0.0,0.0,31509.003593777936,100886.85
2018-10-09,1769.4831193615544,12471.992529676629,0.0,12411.629765765765,17722.414316239316,20477.797731958763,0.0,4234.837792441511,0.0,0.0,31416.601823708206,100504.76
2018-10-10,1724.9838133240805,11977.30069586574,0.0,12031.636828828829,17119.76581196581,19516.28032989691,0.0,4167.93050389922,0.0,0.0,30358.181548364028,96896.08
2018-10-11,1703.6877168632893,11879.278425092101,0.0,11678.155027027027,16719.51623931624,19252.774103092786,0.0,4045.9230953809233,0.0,0.0,29831.771464330413,95111.11
2018-10-12,1709.0912040249825,12131.728305362261,0.0,11682.57354954955,16805.93376068376,19855.474515463917,0.0,4043.2992801439705,0.0,0.0,30388.98213838727,96617.08
2018-10-15,1702.7341603053433,12092.467048710603,0.0,11629.55127927928,16844.594230769228,19530.296618556702,0.0,4064.2898020395915,0.0,0.0,30307.780582871444,96171.71
2018-10-16,1732.6122657876472,12406.557101923865,0.0,11817.338486486487,17122.03995726496,20113.374226804124,0.0,4143.00425914817,0.0,0.0,30923.792383336313,98258.72
2018-10-17,1719.2624739764053,12461.522861236186,0.0,11930.01081081081,17010.606837606836,20032.07975257732,0.0,4132.508998200359,0.0,0.0,30671.787555873416,97957.78
2018-10-18,1700.1913428174878,12225.95532132624,0.0,11744.432864864864,16708.145512820513,19634.01715463918,0.0,4133.820905818836,0.0,0.0,30072.57607723941,96219.14
2018-10-19,1688.4308119361551,12225.95532132624,0.0,11781.990306306305,16642.1952991453,19624.20575257732,0.0,4174.490041991601,0.0,0.0,29778.570445199355,95915.84
2018-10-22,1674.286389659958,12215.485652885798,0.0,11536.762306306306,16585.341666666667,19788.19632989691,0.0,4114.142291541691,0.0,0.0,29896.172698015376,95810.39
2018-10-23,1656.3277411519775,12197.163733115025,0.0,11443.973333333332,16314.718376068375,19712.50837113402,0.0,4143.00425914817,0.0,0.0,29901.77280529233,95369.47
2018-10-24,1604.1999826509366,11623.949386000819,0.0,11139.09527927928,15759.826923076922,18837.891958762888,0.0,4190.2329334133165,0.0,0.0,29008.555694618273,92163.75
2018-10-25,1626.7674878556556,11990.387781416293,0.0,11320.254702702703,15873.534188034188,19474.231463917527,0.0,4241.397330533892,0.0,0.0,29879.372376184514,94405.95
2018-10-26,1616.596217904233,11678.91514531314,0.0,11161.187891891892,15718.892307692307,19087.38189690722,0.0,4129.885182963407,0.0,0.0,28958.154729125694,92351.01
2018-10-29,1612.4641394864675,11495.695947605405,0.0,11262.81390990991,15452.817307692309,18770.613773195877,0.0,4196.792471505698,0.0,0.0,28722.95022349365,91514.15
2018-10-30,1649.9706974323383,11812.40341792878,0.0,11448.391855855856,15768.923504273505,18975.251587628867,0.0,4267.635482903419,0.0,0.0,29131.75805471125,93054.33
2018-10-31,1671.2667938931295,12061.058043389277,0.0,11607.458666666666,15894.001495726496,19426.57608247423,0.0,4208.599640071985,0.0,0.0,29518.16545682103,94387.13
2018-11-01,1719.898178348369,12118.641219811707,0.0,11660.480936936938,16171.447222222221,19653.639958762888,0.0,4226.966346730653,0.0,0.0,30094.976506347222,95646.05
2018-11-02,1714.4946911866757,11995.622615636514,0.0,11660.480936936938,16132.786752136752,19269.593649484537,0.0,4191.544841031793,0.0,0.0,30237.779241909528,95202.3
2018-11-05,1721.1695870922968,11953.743941874745,0.0,11837.221837837837,16214.655982905982,19247.16758762887,0.0,4261.731898620275,0.0,0.0,30251.779510101915,95487.47
2018-11-06,1748.8227272727272,12024.41420384773,0.0,11890.244108108109,16394.313461538462,19376.117443298972,0.0,4282.0664667066585,0.0,0.0,30405.78246021813,96121.76
2018-11-07,1780.607945870923,12233.807572656571,0.0,12049.310918918918,16667.2108974359,19928.35921649485,0.0,4331.918956208758,0.0,0.0,31223.398122653318,98214.61
2018-11-08,1772.3437890353919,12123.876054031929,0.0,12097.914666666666,16639.921153846153,19914.342927835056,0.0,4338.478494301139,0.0,0.0,31237.3983908457,98124.28
2018-11-09,1747.5513185287991,11880.22069525174,0.0,11983.033081081081,16471.6344017094,19577.952,0.0,4345.038032393521,0.0,0.0,30803.390076881817,96808.82
2018-11-12,1721.8052914642608,11702.471899304135,0.0,11748.851387387387,16146.431623931623,18896.76037113402,0.0,4353.5654319136165,0.0,0.0,30184.578222778473,94754.46
2018-11-13,1717.0375086745314,11665.828059762589,0.0,11815.129225225224,16219.204273504272,18913.579917525774,0.0,4362.748785242951,0.0,0.0,30176.178061863044,94869.71
2018-11-14,1714.1768390006937,11715.558984854688,0.0,11656.062414414413,16162.35064102564,18680.909525773197,0.0,4363.404739052188,0.0,0.0,29952.17377078491,94244.64
2018-11-15,1158.7068429131757,10594.828787195354,0.0,11576.795024728619,19807.123689249904,20720.124943521365,0.0,3576.00084932559,0.0,0.0,27690.72495516529,95124.31
2018-11-16,1169.7219719500104,10550.174451135748,0.0,11589.773494487283,19804.372699848616,20689.796891789047,0.0,3624.7644972709395,0.0,0.0,27576.653997574496,95005.26
2018-11-19,1153.1992783947585,10230.543414077503,0.0,11581.12118131484,19493.510897503445,19904.300351921942,0.0,3637.768136723032,0.0,0.0,26905.190860846866,92905.63
2018-11-20,1132.4399967484164,10091.879949471351,0.0,11338.856412486439,19086.364466113308,19470.60921214976,0.0,3587.920852156675,0.0,0.0,26290.76320291463,90998.83
2018-11-21,1141.5486611442602,10209.39136015453,0.0,11349.671803951993,19221.16294677626,19607.085444945205,0.0,3584.6699422936517,0.0,0.0,26552.607901020772,91666.14
2018-11-23,1129.050726275544,10096.58040589868,0.0,11243.680967589566,19174.39612695442,19434.215550070978,0.0,3572.7499394625665,0.0,0.0,26451.499552247114,91102.17
2018-11-26,1142.3959787624783,10308.1009451284,0.0,11481.619579831746,19333.953512228934,19870.93949501639,0.0,3579.2517591886135,0.0,0.0,27052.96460136221,92769.23
2018-11-27,1128.203408657326,10342.179254226523,0.0,11490.27189300419,19289.93768180838,19919.464377788107,0.0,3598.757218366753,0.0,0.0,27122.962688974745,92891.78
2018-11-28,1145.573419830796,10559.575363990401,0.0,11702.253565729041,19752.103901224207,20604.87834693855,0.0,3630.1826803759777,0.0,0.0,27921.459392110304,95316.03
2018-11-29,1153.411107799313,10594.828787195354,0.0,11602.751964245948,19757.605880026775,20407.746010678467,0.0,3634.5172268600086,0.0,0.0,27797.0183474658,94947.88
2018-11-30,1157.2240370812942,10583.077646127038,0.0,11671.970469625492,19955.67711691928,20610.94395728501,0.0,3670.2772353532646,0.0,0.0,27975.902349142274,95625.07
2018-12-03,1177.3478305139727,10590.128330768028,0.0,11741.188975005034,20195.013194831045,21056.766317750127,0.0,3684.353675060155,0.0,0.0,28520.331919461973,96965.13
2018-12-04,1141.760490548815,10279.898206564438,0.0,11226.37634124468,19328.451533426363,20253.07294684363,0.0,3637.768136723032,0.0,0.0,27491.1007793814,93358.43
2018-12-06,1126.50877342089,10392.709160820288,0.0,11070.634704140708,19218.411957374974,20301.59782961534,0.0,3735.29543261373,0.0,0.0,27612.949302262474,93458.11
2018-12-07,1099.8182684470216,10199.990447299875,0.0,10867.3053445883,18717.73188634116,19579.790198386116,0.0,3681.113601563342,0.0,0.0,26798.89746854635,90944.65
2018-12-10,1102.5720507062301,10277.547978350773,0.0,10711.563707484329,18764.498706162998,19858.808274323466,0.0,3664.859052248226,0.0,0.0,26817.04512089034,91196.89
2018-12-11,1099.182780233358,10289.299119419093,0.0,10607.735949415013,18654.45913011161,19883.07071570932,0.0,3671.360871974273,0.0,0.0,26830.007729707475,91035.12
2018-12-12,1108.7151034383112,10399.75984546128,0.0,10655.323671863449,18756.245737959147,20040.776584717387,0.0,3602.0081282297765,0.0,0.0,27107.40755839418,91670.24
2018-12-13,1095.793509760486,10352.755281188007,0.0,10590.431323070126,18709.478918137305,20074.137441622937,0.0,3626.9317705129542,0.0,0.0,26982.966513749678,91432.49
2018-12-14,1088.1676511965234,10244.644783359485,0.0,10490.929721587034,18448.134925015256,19582.823003559344,0.0,3621.513587407916,0.0,0.0,26529.27520514993,90005.49
2018-12-17,1068.6793459775085,10042.525156984417,0.0,10384.116915473225,18134.5221332688,19152.164668960395,0.0,3488.2262830239615,0.0,0.0,25829.2943290246,88099.53
2018-12-18,1074.1869104959258,10094.230177685016,0.0,10335.188084483061,18236.308741116336,19318.968953488158,0.0,3520.735381654195,0.0,0.0,26067.806331259897,88647.42
2018-12-19,1059.5706815816645,9875.658953814305,0.0,10205.403386896418,17891.059571255104,18942.901112007385,0.0,3489.3099196449703,0.0,0.0,25533.746847993905,86997.65
2018-12-20,1046.0135996901759,9706.442522430527,0.0,10127.532568344432,17565.067327202865,18597.16132225893,0.0,3445.9644548046595,0.0,0.0,24963.392060039936,85451.57
2018-12-21,1029.490906134924,9356.258518594657,0.0,9867.963173171143,17122.158033596028,17951.173820360502,0.0,3353.855342019,0.0,0.0,24312.669097419723,82993.57
2018-12-24,1002.8004011610557,9165.890033287907,0.0,9647.32918727385,16596.719057950646,17468.95779781661,0.0,3231.4044038451243,0.0,0.0,23851.200223529693,80964.3
2018-12-26,1047.9200643311665,9675.8895556529,0.0,10086.434080775327,17383.502026718073,18527.406803274596,0.0,3334.3498828408606,0.0,0.0,25258.93954107063,85314.44
2018-12-27,1067.196540145627,9713.493207071519,0.0,10196.751073723974,17592.577221215714,18651.75181537711,0.0,3340.851702566907,0.0,0.0,25349.67780279058,85912.3
2018-12-28,1060.9475727112688,9678.239783866564,0.0,10196.751073723974,17542.646763582397,18606.259737778626,0.0,3356.0226152610157,0.0,0.0,25388.0471248893,85828.91
2018-12-31,1064.6376409386085,9647.686817088937,0.0,10248.664952758632,17620.087115228558,18680.563464522813,0.0,3349.986759282003,0.0,0.0,25525.99520792126,86137.62
2019-01-02,1074.6084510109893,9821.603704900042,0.0,10363.3081022935,17771.391532299218,18782.132109774353,0.0,3278.0007785484577,0.0,0.0,25831.860925570392,86922.91
2019-01-03,1047.6023202243346,9678.239783866564,0.0,10174.42810573907,17288.592892373752,17884.452106549397,0.0,3297.506237726597,0.0,0.0,25336.715193973447,84707.54
2019-01-04,1087.1106224677965,10082.479036616698,0.0,10490.929721587034,17926.822433471807,18635.07138692433,0.0,3330.0153363568297,0.0,0.0,26145.58198416271,87698.01
2019-01-07,1090.8155187534549,10204.690903727203,0.0,10516.886661104361,18068.49838763797,18821.588905078104,0.0,3358.1898885030314,0.0,0.0,26758.71338121323,88819.38
2019-01-08,1100.8774154697942,10372.732221004148,0.0,10510.39742622503,18316.08743375359,18968.679955979856,0.0,3416.7062660374504,0.0,0.0,27020.55807931937,89706.04
2019-01-09,1101.1951595766259,10378.607791538307,0.0,10555.822070380354,18430.25349390691,19205.238759491956,0.0,3402.618989964349,0.0,0.0,27146.295384845587,90220.03
2019-01-10,1111.8925445066288,10403.285187781776,0.0,10577.452853311463,18703.976939334734,19294.7065121023,0.0,3458.4262759462486,0.0,0.0,27086.667384286764,90636.41
2019-01-11,1106.3849799882114,10345.704596547019,0.0,10588.268244777017,18666.838582417393,19261.34565519675,0.0,3458.968094256753,0.0,0.0,27100.926253985614,90528.44
2019-01-14,1098.10245027013,10317.501857983054,0.0,10670.465219915224,18673.716055920602,19103.639786188684,0.0,3454.9044569279736,0.0,0.0,26970.003904932542,90288.33
2019-01-15,1091.3450922648412,10474.967148298514,0.0,10750.499116760322,18599.439342085916,19364.46103108664,0.0,3492.549993141783,0.0,0.0,27183.886950415283,90957.15
2019-01-16,1096.2171685695948,10435.013268666233,0.0,10999.253120468054,18635.202204302615,19391.756277645727,0.0,3510.9826520651245,0.0,0.0,27119.073906329606,91187.5
2019-01-17,1114.010838552174,10476.142262405347,0.0,11053.28681622996,18936.43554374329,19513.06848457501,0.0,3525.069928138226,0.0,0.0,27294.069125360937,91912.08
2019-01-18,1131.5926791301983,10559.575363990401,0.0,11235.028654417123,19281.684713604525,19789.053755339126,0.0,3533.7390211062875,0.0,0.0,27672.577302821297,93203.25
2019-01-22,1114.2226679567284,10312.801401555727,0.0,11085.776252192483,18842.901904099614,19406.920303511888,0.0,3526.6953830697375,0.0,0.0,27203.330863640986,91492.65
2019-01-23,1109.7742504610837,10289.299119419093,0.0,11118.222426589144,18915.803123233658,19531.265315614404,0.0,3531.5717478642723,0.0,0.0,27301.84669065122,91797.78
2019-01-24,1103.9489418358346,10355.105509401672,0.0,11153.740172162023,19040.97314099211,19729.914054461104,0.0,3550.535388731908,0.0,0.0,27454.80547469342,92389.02
2019-01-25,1125.661455802672,10479.66760472584,0.0,11239.354811003346,19276.18273480195,19987.702494185825,0.0,3589.004488777683,0.0,0.0,27729.61278161669,93427.19
2019-01-28,1123.3313323525724,10386.833590286129,0.0,11204.745558313572,19084.988971412666,19720.815638941407,0.0,3624.222678960435,0.0,0.0,27561.098866993932,92706.04
2019-01-29,1134.9819496030705,10262.27149496196,0.0,11174.462462210022,19343.581975133427,19523.683302681322,0.0,3651.8554127961334,0.0,0.0,27395.177474134594,92486.01
2019-01-30,1148.009457983173,10406.81053010227,0.0,11222.05018465846,19653.06828277796,20121.145921808034,0.0,3686.5317846683815,0.0,0.0,27931.82947916401,94169.45
2019-01-31,1130.2157880005939,10841.60274963003,0.0,11239.354811003346,19752.103901224207,20104.465493355263,0.0,3723.917248093149,0.0,0.0,28218.30313402271,95009.96
2019-02-01,1134.1346319848524,10802.823984104582,0.0,11271.800985400007,19783.740279338985,20215.16288217823,0.0,3696.826332567955,0.0,0.0,27785.351999530376,94689.84
2019-02-04,1131.2749350233667,10890.957542116965,0.0,11317.225629555332,20024.451851951395,20523.75080855459,0.0,3717.3612465360516,0.0,0.0,27952.59557848906,95557.62
2019-02-05,1139.0067082896062,11017.869865654799,0.0,11295.594846624224,20203.2661630349,20715.57573576152,0.0,3743.4227072712883,0.0,0.0,28219.599394904424,96334.34
2019-02-06,1132.5459114506937,10782.84704428844,0.0,11278.29022027934,20200.51517363362,20783.81385215924,0.0,3714.164518504079,0.0,0.0,28110.713480840488,96002.89
2019-02-07,1116.3409620022735,10653.584492536944,0.0,11159.320914158248,20056.08823006617,20474.467724489572,0.0,3742.880888960784,0.0,0.0,27860.535130669767,95063.22
2019-02-08,1115.0699855749465,10729.96690948101,0.0,11094.428565364926,20065.716692970665,20570.00108744638,0.0,3745.0481622028,0.0,0.0,27732.20530338012,95052.44
2019-02-11,1117.8237678341552,10634.782666827636,0.0,11139.853209520252,20211.519131238754,20609.427554698395,0.0,3754.259073481366,0.0,0.0,27828.12860862693,95295.79
2019-02-12,1143.3492110829736,10754.644305724478,0.0,11304.247159796667,20522.380933583925,20885.41282546251,0.0,3729.335431198187,0.0,0.0,28246.82087342041,96586.19
2019-02-13,1145.0438463194098,10764.045218579131,0.0,11334.573517466079,20662.681393049446,20912.7080720216,0.0,3756.957328667675,0.0,0.0,28454.222614494578,97030.23
2019-02-14,1139.6421965032696,10807.524440531908,0.0,11213.397871486017,20559.51929050127,20958.200149620083,0.0,3773.2227143490013,0.0,0.0,28360.891831011202,96812.4
2019-02-15,0.0,13224.38114883648,0.0,16842.287461065796,21325.999143739537,18146.952445177856,0.0,4357.053712285019,0.0,0.0,23757.890767941833,97654.56
2019-02-19,0.0,13238.711860961357,0.0,16893.295713834497,21314.725984419463,18154.77778042804,0.0,4361.410765997303,0.0,0.0,23863.71175218228,97826.63
2019-02-20,0.0,13201.452009436678,0.0,16983.45280060318,21424.63928779013,18186.07912142878,0.0,4332.156262500533,0.0,0.0,23913.38282641759,98041.16
2019-02-21,0.0,13078.207885162738,0.0,16902.859761228632,21340.09059288962,18193.904456678963,0.0,4340.870369925103,0.0,0.0,23863.71175218228,97719.64
2019-02-22,0.0,13204.318151861653,0.0,16864.603571652104,21478.186794560457,18423.447624017706,0.0,4367.012692198813,0.0,0.0,23995.448079502017,98333.02
2019-02-25,0.0,13218.64886398653,0.0,16934.739919209067,21562.735489460974,18517.35164701992,0.0,4330.911390011309,0.0,0.0,23913.38282641759,98477.77
2019-02-26,0.0,13218.64886398653,0.0,16896.483729632542,21503.55140303061,18553.86987818745,0.0,4322.197282586739,0.0,0.0,23947.936617189982,98442.69
2019-02-27,0.0,13155.59373063707,0.0,16960.24404559342,21585.28180810111,18533.00231752029,0.0,4306.013940226823,0.0,0.0,23928.50010988051,98468.64
2019-02-28,0.0,13158.459873062046,0.0,16915.611824420805,21514.82456235068,18483.44186093579,0.0,4322.197282586739,0.0,0.0,23801.08300640732,98195.62
2019-03-01,0.0,13261.641000361162,0.0,17017.62832995821,21534.552591160802,18608.647224938744,0.0,4317.217792629842,0.0,0.0,23993.288467578743,98732.98
2019-03-04,0.0,13281.70399733599,0.0,16915.611824420805,21438.73073694022,18540.827652770477,0.0,4334.646007478982,0.0,0.0,23919.861662187413,98431.38
2019-03-05,0.0,13364.822127660276,0.0,16851.851508459928,21300.63453526938,18480.833415852394,0.0,4344.604987392776,0.0,0.0,23978.171184115825,98320.92
2019-03-06,0.0,13356.22370038535,0.0,16737.08293973035,21100.535957338165,18386.92939285018,0.0,4334.646007478982,0.0,0.0,23863.71175218228,97779.13
2019-03-07,0.0,13241.578003386334,0.0,16564.93008663598,20976.531204817413,18212.163572262725,0.0,4330.911390011309,0.0,0.0,23576.483366386783,96902.6
2019-03-08,0.0,13235.845718536382,0.0,16558.55405503989,20931.438567537138,18209.555127179334,0.0,4335.890879968206,0.0,0.0,23412.352860217925,96683.64
2019-03-11,0.0,13465.137112534414,0.0,16724.330876538173,21111.80911665823,18603.43033477195,0.0,4403.113994386317,0.0,0.0,23734.135036785814,98041.96
2019-03-12,0.0,13528.192245883874,0.0,16756.211034518612,20934.256857367156,18707.768138107745,0.0,4426.76657168158,0.0,0.0,23796.76378256077,98149.96
2019-03-13,0.0,13571.184382258505,0.0,16883.731666440366,21114.627406488253,18830.365057027302,0.0,4447.9294039983915,0.0,0.0,23885.30787141502,98733.15
2019-03-14,0.0,13510.995391334021,0.0,16947.491982401243,21046.988450567842,18872.10017836162,0.0,4457.888383912187,0.0,0.0,23811.881066023692,98647.35
2019-03-15,0.0,13476.601682234317,0.0,16979.37214038168,20869.43619127676,19036.432218615497,0.0,4415.5627192785605,0.0,0.0,23883.14825949175,98660.55
2019-03-18,0.0,13361.9559852353,0.0,17145.148961879964,21055.44332005789,19117.294016200736,0.0,4393.155014472523,0.0,0.0,24116.386347205385,99189.38
2019-03-19,0.0,13384.885124635104,0.0,17020.816345756255,20979.349494647427,19164.246027701844,0.0,4380.70628958028,0.0,0.0,24237.324614908754,99167.33
2019-03-20,0.0,13505.26310648407,0.0,16660.570560577296,20835.616713316558,19106.860235867156,0.0,4398.13450442942,0.0,0.0,24274.03801760442,98780.48
2019-03-21,0.0,13682.963936832546,0.0,16615.93833940468,21035.715291247772,19581.597241045012,0.0,4477.806343739775,0.0,0.0,24604.458641865403,99998.48
2019-03-22,0.0,13462.270970109439,0.0,16150.488032890275,20556.60602014486,19125.119351450918,0.0,4456.643511422962,0.0,0.0,24114.22673528211,97865.35
2019-03-25,0.0,13439.341830709636,0.0,16093.103748525484,20610.153526915186,19044.257553865682,0.0,4460.378128890635,0.0,0.0,24254.60151029495,97901.84
2019-03-26,0.0,13505.26310648407,0.0,16277.94490449607,20748.249728586026,19148.595357201473,0.0,4489.0101961427945,0.0,0.0,24362.58210645867,98531.65
2019-03-27,0.0,13410.680406459882,0.0,16201.496285658977,20770.796047226162,19041.649108782283,0.0,4474.071726272102,0.0,0.0,24310.751420300083,98209.44
2019-03-28,0.0,13376.286697360178,0.0,16348.145012368996,20934.256857367156,19117.294016200736,0.0,4510.173028459607,0.0,0.0,24459.76464300602,98745.92
2019-03-29,0.0,13402.081979184955,0.0,16392.77723354161,21145.62859461844,19302.493617121767,0.0,4508.928155970382,0.0,0.0,24587.181746479208,99339.09
2019-04-01,0.0,13608.444233783184,0.0,16791.279208297095,21582.46351827109,19571.163460711436,0.0,4495.234558588915,0.0,0.0,24854.973624965234,100903.56
2019-04-02,0.0,13688.696221682496,0.0,16791.279208297095,21571.190358951026,19633.76614271291,0.0,4533.825605754869,0.0,0.0,24850.654401118685,101069.41
2019-04-03,0.0,13734.554500482103,0.0,16842.287461065796,21509.187982690644,19792.881292799997,0.0,4528.846115797972,0.0,0.0,25029.902190750465,101437.66
2019-04-04,0.0,13806.208061106487,0.0,16941.115950805157,21644.46589453147,19712.019495214754,0.0,4516.397390905729,0.0,0.0,25228.586487691708,101848.79
2019-04-05,0.0,13846.334055056142,0.0,16953.868013997333,21706.468270791844,19800.706628050182,0.0,4551.253820604009,0.0,0.0,25379.75932232092,102238.39
2019-04-08,0.0,13823.404915656338,0.0,16979.37214038168,21610.646416571264,19876.35153546863,0.0,4528.846115797972,0.0,0.0,25468.30341117517,102286.92
2019-04-09,0.0,13859.23169596853,0.0,16835.91142946971,21315.03599630077,19785.055957549812,0.0,4515.152518416505,0.0,0.0,25241.544159231355,101551.93
2019-04-10,0.0,13920.853758105502,0.0,16896.483729632542,21311.90769458945,19925.911992053134,0.0,4548.76407562556,0.0,0.0,25360.32281501145,101964.24
2019-04-11,0.0,13929.452185380429,0.0,16985.74817197777,21497.91482337058,19894.610651052393,0.0,4543.784585668663,0.0,0.0,25392.716993860566,102244.23
2019-04-12,0.0,14049.830167229396,0.0,17307.7377675802,21776.925516542273,20035.46668555572,0.0,4568.682035453149,0.0,0.0,25552.52827618287,103291.17
2019-04-15,0.0,14035.499455104518,0.0,17205.721262042796,21661.375633511572,20025.032905222135,0.0,4540.0499682009895,0.0,0.0,25604.35896234146,103072.04
2019-04-16,0.0,14049.830167229396,0.0,17438.4464153,21791.016965692357,20126.762263474535,0.0,4433.6133703723135,0.0,0.0,25716.658782351726,103556.33
2019-04-17,0.0,14078.491591479149,0.0,17470.32657328044,21822.018153822548,20241.533847143906,0.0,4389.42039700485,0.0,0.0,25764.170244663765,103765.96
2019-04-18,0.0,14087.090018754076,0.0,17432.070383703915,22070.027658864055,20298.919638978594,0.0,4421.787081724683,0.0,0.0,25755.531796970667,104065.43
2019-04-22,0.0,14147.27900967856,0.0,17387.4381625313,22002.38870294364,20345.8716504797,0.0,4375.726799623383,0.0,0.0,25662.668484269867,103921.37
2019-04-23,0.0,14339.310552151912,0.0,17483.078636472615,22196.850701214826,20572.806372735053,0.0,4425.521699192354,0.0,0.0,25967.173765451556,104984.74
2019-04-24,0.0,14273.389276377477,0.0,17463.950541684353,22126.393455464397,20575.414817818444,0.0,4457.888383912187,0.0,0.0,25990.929496607576,104887.97
2019-04-25,0.0,14433.893252176098,0.0,17508.582762856968,21683.921952151708,20570.197927651658,0.0,4449.174276487617,0.0,0.0,25852.71433351801,104498.48
2019-04-26,0.0,14549.972020387602,0.0,17667.98355275916,21844.564472462687,20494.553020233205,0.0,4480.296088718224,0.0,0.0,26051.398630459258,105088.77
2019-04-29,0.0,14686.113785573934,0.0,17843.324421651574,21900.930269063025,20497.1614653166,0.0,4432.990934127701,0.0,0.0,25965.014153528286,105325.54
2019-04-30,0.0,14353.641264276786,0.0,17859.264500641795,22002.38870294364,20531.071251400732,0.0,4485.275578675121,0.0,0.0,25917.502691216247,105149.14
2019-05-01,0.0,14276.255418802453,0.0,17712.615773931775,21844.564472462687,20481.510794816233,0.0,4487.765323653569,0.0,0.0,25617.316633881106,104420.03
2019-05-02,0.0,14221.79871272792,0.0,17744.495931912214,21827.65473348258,20374.564546397043,0.0,4495.234558588915,0.0,0.0,25632.433917344024,104296.18
2019-05-03,0.0,14350.775121851813,0.0,17891.14465862223,22092.57397750419,20564.981037484868,0.0,4525.111498330299,0.0,0.0,25934.779586602443,105359.37
2019-05-06,0.0,14342.176694576887,0.0,17779.564105690697,21886.83881991294,20411.082777564574,0.0,4507.6832834811585,0.0,0.0,25777.12791620341,104704.47
2019-05-07,0.0,14112.885300578855,0.0,17479.89062067457,21438.73073694022,19980.689338804423,0.0,4428.011444170804,0.0,0.0,25405.674665400213,102845.88
2019-05-08,0.0,14075.625449054174,0.0,17432.070383703915,21438.73073694022,19944.171107636896,0.0,4429.256316660028,0.0,0.0,25394.87660578384,102714.73
2019-05-09,0.0,14038.365597529493,0.0,17419.31832051174,21404.911258980013,19811.140408383762,0.0,4442.949914041495,0.0,0.0,25295.534457313213,102412.22
2019-05-10,0.0,14069.893164204224,0.0,17514.958794453054,21492.278243710545,19868.526200218446,0.0,4495.234558588915,0.0,0.0,25327.92863616233,102768.82
2019-05-13,0.0,13639.971800457915,0.0,17004.876266766034,20880.70935059683,19122.510906367526,0.0,4496.479431078139,0.0,0.0,24591.500970325756,99736.05
2019-05-14,0.0,13717.35764593225,0.0,17138.772930283874,21106.172536998198,19435.524316374907,0.0,4512.662773438055,0.0,0.0,24811.781386499748,100722.27
2019-05-15,0.0,14021.168742979642,0.0,17065.448566928866,21134.35543529837,19638.983032879703,0.0,4542.539713179439,0.0,0.0,24988.869564208246,101391.37
2019-05-16,0.0,12494.30905727619,0.0,12630.105641211565,24152.962572415032,19503.643659125035,0.0,3961.6376442276705,513.2026137421993,0.0,29077.66099389651,102333.52
2019-05-17,0.0,12408.22871118756,0.0,12555.39891653157,23889.580190255987,19336.923927688535,0.0,3955.1626167514064,516.099088216886,0.0,28868.46918818502,101529.86
2019-05-20,0.0,12200.87634810936,0.0,12571.74101255532,23822.53740207005,19000.91954587036,0.0,3891.4915132348083,516.8012638471131,0.0,28664.25813975238,100668.63
2019-05-21,0.0,12334.807239523729,0.0,12681.466514429061,24109.86363715264,19234.327169881457,0.0,3924.945821862173,517.3278955697833,0.0,28858.50767362733,101661.25
2019-05-22,0.0,12324.68013998389,0.0,12618.432715480314,23908.73527259483,19124.035655238855,0.0,3940.0542193067895,521.4531773973673,0.0,28564.642994175483,101002.03
2019-05-23,0.0,12152.51944780663,0.0,12434.000488926578,23551.173735603155,18795.726030256214,0.0,3961.6376442276705,525.8417750862864,0.0,28220.970741935183,99641.87
2019-05-24,0.0,12149.98767292167,0.0,12532.053065069073,23567.136304218857,18805.985706036918,0.0,3968.112671703935,524.9640555485025,0.0,28255.836042887095,99804.08
2019-05-28,0.0,12203.154945505823,0.0,12391.977956294082,23334.082802429646,18739.297813462323,0.0,3923.8666506161294,516.2746321244427,0.0,28074.03840220926,99182.69
2019-05-29,0.0,12086.693300797677,0.0,12377.970445416584,23228.72984956603,18629.006298819713,0.0,3879.620629528324,509.5161916835073,0.0,27827.490916906434,98539.03
2019-05-30,0.0,12109.479274762312,0.0,12328.944157345337,23335.679059291215,18744.427651352675,0.0,3903.3623969412924,508.90178800705866,0.0,27994.34628574774,98925.14
2019-05-31,0.0,11924.659708160254,0.0,12144.511930791601,23002.061375223093,18439.202296876625,0.0,3933.579191830526,511.35940271285335,0.0,27628.260625752642,97583.63
2019-06-03,0.0,11547.425250301258,0.0,12223.887825764095,23158.494547656952,18116.022509784336,0.0,3950.84593176723,516.3624040782211,0.0,27394.165033646932,96907.2
2019-06-04,0.0,11790.475639257389,0.0,12555.39891653157,23713.991935483293,18711.083705065375,0.0,3928.1833356003053,516.8012638471131,0.0,28141.278625473664,99357.21
2019-06-05,0.0,11803.134513682187,0.0,12634.774811504063,23966.200519611346,18970.14051852824,0.0,4019.9128915140486,527.8605300231892,0.0,28278.2494506419,100200.27
2019-06-06,0.0,11846.174686726503,0.0,12686.135684721561,23978.970574503906,19183.02879097792,0.0,4027.4670902363573,530.9325484054326,0.0,28417.71065444956,100670.42
2019-06-07,0.0,12036.057803098482,0.0,12662.789833259063,24173.71391161544,19543.399902775272,0.0,4038.258802696798,527.0705824391837,0.0,28828.623129954263,101809.91
2019-06-10,0.0,12037.42496153636,0.0,12770.180749986555,24205.63904884684,19731.921445245778,0.0,4025.3087477442687,523.6474762418268,0.0,29077.66099389651,102371.78
2019-06-11,0.0,12079.097976142797,0.0,12770.180749986555,23994.933143119604,19742.181121026482,0.0,4033.9421177126214,520.3121419982483,0.0,29184.74727539167,102325.39
2019-06-12,0.0,12023.500199669083,0.0,12653.451492674063,24042.820848966705,19631.889606383877,0.0,4047.971343911194,527.2461263467405,0.0,29167.314624915714,102094.19
2019-06-13,0.0,12160.114772461508,0.0,12690.80485501406,24173.71391161544,19688.317823177767,0.0,4054.446371387458,528.1238458845244,0.0,29436.27551797334,102731.8
2019-06-14,0.0,12182.900746426145,0.0,12718.819876769057,24077.938499921245,19513.90333490574,0.0,4068.4755975860307,533.565707018784,0.0,29506.00611987717,102601.61
2019-06-17,0.0,12324.68013998389,0.0,12602.090619456567,23994.933143119604,19544.682362247862,0.0,4113.80078991988,531.5469520818813,0.0,29510.98687715601,102622.72
2019-06-18,0.0,12387.974512107881,0.0,12770.180749986555,24454.65511925175,19880.686744066035,0.0,4103.00907745944,530.0548288676488,0.0,29740.10171198288,103866.66
2019-06-19,0.0,12408.22871118756,0.0,12737.496557939057,24441.885064359194,19960.199231366514,0.0,4129.988358610542,534.1801106952327,0.0,29799.870799329015,104011.85
2019-06-20,0.0,12479.11840796643,0.0,12805.199527180303,24844.14179347482,20242.340315335976,0.0,4152.650954777466,537.1643571236976,0.0,29991.629954564545,105052.25
2019-06-21,0.0,12504.43615681603,0.0,12704.81236589156,24609.492034824038,20085.880259680187,0.0,4074.9506250622944,535.3211460943517,0.0,29777.45739157421,104292.35
2019-06-24,0.0,12539.881005205465,0.0,12662.789833259063,24560.00807211537,20124.354043857835,0.0,4056.6047138795466,535.40891804813,0.0,29610.60202273291,104089.65
2019-06-25,0.0,12306.95771578917,0.0,12616.098130334065,24371.649762450117,19755.005715752366,0.0,4001.5669803313,532.0735838045515,0.0,29321.718100559905,102905.07
2019-06-26,0.0,12261.385767859896,0.0,12597.421449164067,24425.922495743496,19967.893988202046,0.0,3922.7874793700853,520.7510017671402,0.0,29416.35248885796,103112.51
2019-06-27,0.0,12339.870789293647,0.0,12709.481536184057,24448.270091805472,20019.192367105585,0.0,3957.3209592434946,521.3654054435889,0.0,29600.64050817522,103596.14
2019-06-28,0.0,12458.864208886755,0.0,12886.910007299046,24694.093648487247,20037.146799721824,0.0,3969.191842949979,523.910792103162,0.0,29685.313381915585,104255.43
2019-07-01,0.0,12557.603429400184,0.0,13040.992626951534,24757.943922950046,20342.372154197874,0.0,3960.558472981627,522.5064408427079,0.0,29944.312760415516,105126.29
2019-07-02,0.0,12685.458061090647,0.0,13017.646775489036,24716.441244549227,20398.800370991765,0.0,4033.4025320895994,529.0015654223082,0.0,30021.51449823761,105402.27
2019-07-03,0.0,12752.550095542081,0.0,13106.361011046529,24844.14179347482,20542.43583192167,0.0,4090.0590225069113,533.2146192036705,0.0,30263.08122626159,106131.84
2019-07-05,0.0,12762.677195081918,0.0,13153.052713971527,24727.615042580215,20509.09188563437,0.0,4067.396426339986,532.6441015041111,0.0,30307.908041771196,106060.39
2019-07-08,0.0,12651.279100143693,0.0,13078.345989291533,24540.852989776533,20355.196748923758,0.0,4084.6631662766913,533.3901631112273,0.0,30347.754100001956,105591.48
2019-07-09,0.0,12732.295896462403,0.0,13115.699351631529,24492.965283929432,20419.31972255318,0.0,4105.167419951528,533.6534789725623,0.0,30390.090536872136,105789.19
2019-07-10,0.0,12872.809402577666,0.0,13059.669308121533,24419.537468297214,20583.4745350445,0.0,4126.750844872409,535.3211460943517,0.0,30472.273031973076,106069.84
2019-07-11,0.0,12876.607064905107,0.0,13134.376032801527,24595.125723069912,20655.292265509455,0.0,4076.0297963083394,535.40891804813,0.0,30556.94590571344,106429.79
2019-07-12,0.0,12970.282735648616,0.0,13216.086512920272,25022.922561970656,20814.31724011042,0.0,4060.9213988637225,531.9858118507731,0.0,30898.127779314313,107514.64
2019-07-15,0.0,12977.878060303496,0.0,13148.383543679027,24927.14715027646,20881.00513268502,0.0,4065.2380838478985,534.0923387414543,0.0,31000.233303530636,107533.98
2019-07-16,0.0,12951.29442401142,0.0,13111.030181339029,25083.580322710317,20688.63621179675,0.0,4058.7630563716343,531.0203203592109,0.0,30957.896866660456,107382.22
2019-07-17,0.0,12825.971567205912,0.0,12998.970094319036,24537.660476053392,20629.643076057688,0.0,4040.417145188885,533.3023911574488,0.0,30676.48408040572,106242.45
2019-07-18,0.0,12714.573472267684,0.0,13106.361011046529,24598.31823679305,20791.23296960383,0.0,4035.0212889586655,537.6032168925896,0.0,30629.16688625669,106412.28
2019-07-19,0.0,12552.539879630263,0.0,13045.661797244034,24726.018785718647,20686.07129285158,0.0,3969.191842949979,529.7915130063136,0.0,30417.48470190578,105926.76
2019-07-22,0.0,12600.6436024445,0.0,13069.00764870653,24751.558895503767,20934.868430533734,0.0,3966.493914834869,528.8260215147513,0.0,30439.898109660586,106291.3
2019-07-23,0.0,12648.747325258733,0.0,13218.421098066521,25058.040212925196,21052.85470201187,0.0,4005.883665315476,525.5784592249513,0.0,30629.16688625669,107138.69
2019-07-24,0.0,12765.20896996688,0.0,13337.484940525263,25157.008138342535,21229.834109229076,0.0,4004.804494069432,525.9295470400648,0.0,30798.512633737417,107818.78
2019-07-25,0.0,12724.700571807523,0.0,13260.443630699017,25115.505459941716,21070.80913462811,0.0,3985.3794116406393,524.4374238258323,0.0,30639.12840081438,107320.4
2019-07-26,0.0,13088.010267799244,0.0,13393.514984035257,25067.617754094616,21181.100649270713,0.0,3997.250295347124,526.5439507165135,0.0,30763.647332785502,108017.69
2019-07-29,0.0,13025.981783117732,0.0,13288.458652454015,25022.922561970656,21170.84097349001,0.0,4015.5962065298727,529.0893373760865,0.0,30619.205371699,107672.09
2019-07-30,0.0,12957.623861223818,0.0,13265.112800991517,25121.890487387995,21029.770431505276,0.0,4051.208857649326,525.2273714098377,0.0,30412.50394462694,107363.34
2019-07-31,0.0,12856.352865825429,0.0,13204.413587189023,24844.14179347482,20716.8503201937,0.0,4038.258802696798,522.5064408427079,0.0,30061.36055646837,106243.88
2019-08-01,0.0,12793.058493701437,0.0,12896.248347884046,24365.264735003835,20611.688643441445,0.0,4049.0505151572384,527.9483019769675,0.0,29655.428838242515,104898.69
2019-08-02,0.0,12674.06507410833,0.0,12882.240837006546,24208.83156256998,20262.85966689739,0.0,4080.3464812925154,528.1238458845244,0.0,29418.84286749738,104055.31
2019-08-05,0.0,12268.981092514776,0.0,12462.015510681578,23535.211166987458,19429.2610097149,0.0,4001.5669803313,520.22437004447,0.0,28629.392838800464,100846.65
2019-08-06,0.0,12441.141784692036,0.0,12653.451492674063,23892.77270397913,19752.44079680719,0.0,4049.0505151572384,526.8950385316269,0.0,29057.73796478113,102373.49
2019-08-07,0.0,12448.737109346916,0.0,12499.368873021574,23864.04008047087,19880.686744066035,0.0,4086.821508768779,528.2993897920811,0.0,29157.353110358024,102465.31
2019-08-08,0.0,12701.914597842888,0.0,12718.819876769057,24282.259378202198,20362.89150575929,0.0,4151.571783531422,534.0923387414543,0.0,29732.63057606461,104484.18
2019-08-09,0.0,12565.198754055064,0.0,12681.466514429061,24077.938499921245,20126.918962803014,0.0,4153.73012602351,534.1801106952327,0.0,29461.17930436756,103600.61
2019-08-12,0.0,12428.48291026724,0.0,12438.669659219078,23742.724558991555,19865.297230394972,0.0,4146.175927301201,533.1268472498921,0.0,29030.34379974748,102184.82
2019-08-13,0.0,12613.302476869298,0.0,12592.752278871567,24026.858280351007,20365.456424704465,0.0,4150.492612285378,533.6534789725623,0.0,29510.98687715601,103793.5
2019-08-14,0.0,12162.646547346467,0.0,12139.842760499101,23295.772637751965,19742.181121026482,0.0,4086.821508768779,529.0893373760865,0.0,28582.07564465144,100538.43
2019-08-15,4381.889318160799,10505.211080499103,4606.947111662517,0.0,20461.755797573103,50560.26909893359,0.0,0.0,0.0,0.0,10046.145474004312,100562.22
2019-08-16,4459.856076337996,10638.381877654225,4670.807405728569,0.0,20857.572448342453,51501.323176917125,0.0,0.0,0.0,0.0,10160.106984616927,102288.05
2019-08-19,4492.145339825521,10806.482719964788,4773.966342296808,0.0,21062.49879944999,52304.180502189796,0.0,0.0,0.0,0.0,10287.217900300227,103726.49
2019-08-20,4441.742587064506,10736.622629653904,4728.936647763053,0.0,20924.945495281918,52040.94859226432,0.0,0.0,0.0,0.0,10289.847781314364,103163.04
2019-08-21,4463.793791397449,10778.102058275992,4762.504238233671,0.0,21062.49879944999,52652.96278284104,0.0,0.0,0.0,0.0,10483.58234935581,104203.44
2019-08-22,4434.6546999574875,10745.355140942766,4740.398751826191,0.0,21090.57090234143,52514.76603013016,0.0,0.0,0.0,0.0,10489.718738388796,104015.46
2019-08-23,4327.548850340329,10457.18226841037,4581.566738379855,0.0,20526.321634223423,50784.016222370235,0.0,0.0,0.0,0.0,10211.82797789496,100888.46
2019-08-26,4340.937081542474,10616.550599432074,4602.034781349744,0.0,20675.103779548073,51501.323176917125,0.0,0.0,0.0,0.0,10311.763456432174,102047.71
2019-08-27,4343.299710578147,10634.015622009794,4571.742077754309,0.0,20574.044209138876,51402.611210695075,0.0,0.0,0.0,0.0,10260.919090158855,101786.63
2019-08-28,4379.526689125127,10662.396283698592,4638.877258695543,0.0,20807.042663137858,51455.257592680166,0.0,0.0,0.0,0.0,10389.78325985158,102332.88
2019-08-29,4435.442242969379,10821.764614720294,4706.012439636777,0.0,21180.401631594053,52356.82688417489,0.0,0.0,0.0,0.0,10544.94623968568,104045.39
2019-08-30,4463.006248385559,10810.848975609219,4706.012439636777,0.0,21264.617940268385,52330.503693182334,0.0,0.0,0.0,0.0,10484.458976360522,104059.45
2019-09-03,4431.504527909924,10710.425095787325,4685.544396666889,0.0,20978.282490775662,51705.32790710936,0.0,0.0,0.0,0.0,10441.504253129613,102952.59
2019-09-04,4479.544651635268,10917.822238897757,4752.6795776081235,0.0,21247.774678533515,52587.15480535966,0.0,0.0,0.0,0.0,10540.563104662117,104525.54
2019-09-05,4488.995167777957,11103.278947394932,4811.627541361403,0.0,21629.555277857147,53692.728827046616,0.0,0.0,0.0,0.0,10743.063942750685,106469.25
2019-09-06,4508.683743075229,11081.556825563892,4834.551749487678,0.0,21668.856221905167,53633.50164731339,0.0,0.0,0.0,0.0,10769.362752892057,106496.51
2019-09-09,4485.844995730394,11109.937487252688,4929.523468867961,0.0,21733.422058555487,53245.234580173325,0.0,0.0,0.0,0.0,10811.440849118253,106315.4
2019-09-10,4528.372318372501,11125.219382008194,4991.746319496422,0.0,21938.348409663027,52988.583467995995,0.0,0.0,0.0,0.0,10771.116006901482,106343.39
2019-09-11,4572.47472703839,11190.713216674647,4994.202484652809,0.0,22146.081971059706,53508.46649009879,0.0,0.0,0.0,0.0,10789.525174000442,107201.46
2019-09-12,4607.126619561588,11216.910750541228,4964.728502776169,0.0,22174.154073951147,53798.021591016804,0.0,0.0,0.0,0.0,10841.246167278476,107602.19
2019-09-13,4658.316915334494,11199.445727963506,5001.570980121969,0.0,22286.442485516924,53416.33532162488,0.0,0.0,0.0,0.0,10818.453865155952,107380.57
2019-09-16,4581.92524318108,11153.600043696992,5172.27445849084,0.0,22252.75596204719,53284.719366662146,0.0,0.0,0.0,0.0,10681.700052420816,107126.98
2019-09-17,4617.36467871617,11166.698810630282,5093.267812627069,0.0,22247.141541468904,53468.98170360997,0.0,0.0,0.0,0.0,10746.570450769535,107340.02
2019-09-18,4620.514850763733,11155.783171519206,5071.981047938386,0.0,22210.647807710026,53495.30489460252,0.0,0.0,0.0,0.0,10742.187315745974,107296.42
2019-09-19,4626.815194858859,11160.149427163635,5052.331726687293,0.0,22101.1666064334,53600.597658572704,0.0,0.0,0.0,0.0,10711.505370581037,107252.57
2019-09-20,4595.313474383225,11061.908675163957,5013.033084185106,0.0,21837.28883925383,52824.06352429258,0.0,0.0,0.0,0.0,10552.83588272809,105884.44
2019-09-23,4585.075415228644,11022.612374364084,5019.582857935471,0.0,21803.602315784097,52988.583467995995,0.0,0.0,0.0,0.0,10591.407470935435,106010.86
2019-09-24,4543.335635598427,10858.877787697951,4938.529407774712,0.0,21674.470642483455,52475.28124364134,0.0,0.0,0.0,0.0,10477.445960322822,104967.94
2019-09-25,4567.749468967045,10983.316073564212,4947.535346681463,0.0,21820.445577518964,53087.295434218046,0.0,0.0,0.0,0.0,10573.874930841188,105980.22
2019-09-26,4559.086495836245,10877.43437418678,4882.856330896615,0.0,21845.71047012126,53139.94181620314,0.0,0.0,0.0,0.0,10526.537072586718,105831.57
2019-09-27,4546.4858076459905,10762.820163520486,4882.03760917782,0.0,21758.68695115779,52442.37725490066,0.0,0.0,0.0,0.0,10489.718738388796,104882.13
2019-09-30,4581.137700169189,10810.848975609219,4845.19513183202,0.0,21797.98789520581,52988.583467995995,0.0,0.0,0.0,0.0,10580.011319874175,105603.76
2019-10-01,4476.394479587704,10699.509456676247,4733.848978075826,0.0,21278.653991714105,52527.92762562643,0.0,0.0,0.0,0.0,10491.471992398221,104207.81
2019-10-02,4393.702463339162,10537.95799783233,4615.134328850472,0.0,20868.80128949903,51501.323176917125,0.0,0.0,0.0,0.0,10302.997186385051,102219.92
2019-10-03,4411.815952612653,10644.93126112087,4672.444849166161,0.0,21009.16180395625,52146.24135623451,0.0,0.0,0.0,0.0,10353.841552658372,103238.44
2019-10-04,4433.867156945596,10784.651441742637,4697.006500730026,0.0,21230.93141679865,53021.48745673668,0.0,0.0,0.0,0.0,10451.14715018145,104619.09
2019-10-07,4419.691382731561,10782.468313920423,4654.432971352659,0.0,21118.64300523288,52771.41714230749,0.0,0.0,0.0,0.0,10408.192426950542,104154.85
2019-10-08,4342.512167566256,10612.184343787643,4572.560799473104,0.0,20790.19940140299,51823.782266575814,0.0,0.0,0.0,0.0,10295.984170347352,102437.22
2019-10-09,4389.764748279708,10677.678178454096,4619.227937444451,0.0,20965.65004447451,52580.57400761153,0.0,0.0,0.0,0.0,10385.400124828018,103618.3
2019-10-10,4431.504527909924,10732.256374009474,4679.81334463532,0.0,21157.9439492809,52935.937086010905,0.0,0.0,0.0,0.0,10452.023777186163,104389.48
2019-10-11,4515.7716301822475,10867.610298986812,4745.311082138964,0.0,21562.182230917682,53672.98643380221,0.0,0.0,0.0,0.0,10569.491795817625,105933.35
2019-10-14,4483.482366694721,10843.595892942445,4738.7613083886,0.0,21517.266866291375,53653.244040557795,0.0,0.0,0.0,0.0,10565.108660794063,105801.46
2019-10-15,4513.409001146575,11024.7955021863,4756.773186202102,0.0,21685.699483640034,54232.35424239381,0.0,0.0,0.0,0.0,10658.907750298293,106871.94
2019-10-16,4526.009689336828,11046.626780408451,4692.094170417254,0.0,21680.085063061746,53870.4103662463,0.0,0.0,0.0,0.0,10702.739100533914,106517.97
2019-10-17,4535.460205479519,11107.754359430473,4693.731613854845,0.0,21781.144633470944,53751.95600677985,0.0,0.0,0.0,0.0,10731.667791689424,106601.71
2019-10-18,4529.159861384392,10981.132945741996,4669.169962290978,0.0,21593.061544098273,53238.653782425194,0.0,0.0,0.0,0.0,10709.752116571613,105720.93
2019-10-21,4514.984087170356,11048.809908230665,4753.49829932692,0.0,21725.000427688054,53811.18318651307,0.0,0.0,0.0,0.0,10750.953585793097,106604.43
2019-10-22,4496.8705978968665,10939.65351711991,4818.996036830563,0.0,21901.85467590415,53080.71463646991,0.0,0.0,0.0,0.0,10679.070171406678,105917.16
2019-10-23,4526.009689336828,11029.16175783073,4854.201070738771,0.0,21899.047465615007,53139.94181620314,0.0,0.0,0.0,0.0,10629.979059142783,106078.34
2019-10-24,4539.397920538973,10900.357216320037,4834.551749487678,0.0,21924.312358217303,53916.47595048326,0.0,0.0,0.0,0.0,10624.719297114509,106739.81
2019-10-25,4587.438044264316,10981.132945741996,4873.850391989864,0.0,22064.67287267452,54561.39412980065,0.0,0.0,0.0,0.0,10612.446519048535,107680.93
2019-10-28,4600.826275466461,11088.106209030537,4845.19513183202,0.0,22123.624288746552,55258.95869110313,0.0,0.0,0.0,0.0,10645.758345227607,108562.47
2019-10-29,4631.540452930205,10985.499201386427,4866.072535661307,0.0,22199.418966553447,54758.81806224474,0.0,0.0,0.0,0.0,10586.147708907163,108027.5
2019-10-30,4633.903081965877,11018.246118719653,4764.960403390057,0.0,22286.442485516924,55094.43874739971,0.0,0.0,0.0,0.0,10646.63497223232,108444.63
2019-10-31,4581.137700169189,11044.443652586237,4742.854916982577,0.0,22033.79355949393,55054.95396091089,0.0,0.0,0.0,0.0,10594.913978954286,108052.1
2019-11-01,4646.503770156131,11120.853126363763,4858.294679332749,0.0,22511.01930864847,55706.45293797642,0.0,0.0,0.0,0.0,10661.53763131243,109504.66
2019-11-04,4682.730748703111,11184.163833208002,5013.8518059039025,0.0,22783.31870669547,56009.1696343907,0.0,0.0,0.0,0.0,10669.42727435484,110342.66
2019-11-05,4693.756350869584,11186.346961030218,5030.226240279812,0.0,22831.041281610924,55933.49046028713,0.0,0.0,0.0,0.0,10686.95981444909,110361.82
2019-11-06,4689.031092798238,11145.959096319237,4915.605199648437,0.0,22839.462912478357,55923.61926366493,0.0,0.0,0.0,0.0,10697.47933850564,110211.16
2019-11-07,4720.532813273873,11216.910750541228,4990.108876058832,0.0,22915.257590285255,56357.951915041944,0.0,0.0,0.0,0.0,10633.485567161633,110834.25
2019-11-08,4738.646302547363,11243.10828440781,4968.822111370147,0.0,22946.136903465842,56667.24940920436,0.0,0.0,0.0,0.0,10636.992075180482,111200.96
2019-11-11,4732.345958452236,11197.262600141292,4940.985572931098,0.0,22962.980165200708,56706.734195693185,0.0,0.0,0.0,0.0,10615.076400062671,111155.38
2019-11-12,4754.397162785181,11208.17823925237,4916.423921367232,0.0,22957.36574462242,56877.83493714474,0.0,0.0,0.0,0.0,10606.310130015547,111320.51
2019-11-13,4730.770872428455,11208.17823925237,4892.680991522161,0.0,22870.342225658947,57016.031689855605,0.0,0.0,0.0,0.0,10575.628184850613,111293.63
2019-11-14,4757.547334832744,11256.207051341102,4880.400165740229,0.0,22940.522482887554,56956.804510122376,0.0,0.0,0.0,0.0,10618.582908081522,111410.06
2019-11-15,0.0,9844.085621007462,0.0,15726.376562879921,29445.44083058699,18985.118410871466,0.0,3813.960660078355,0.0,0.0,34350.54666318666,112165.53
2019-11-18,0.0,9878.18097239829,0.0,15752.79856651379,29345.26193104186,19041.705947118473,0.0,3832.753516027911,0.0,0.0,34463.75601199834,112314.46
2019-11-19,0.0,9885.757717151808,0.0,15779.220570147661,29309.48375263289,19085.234821154634,0.0,3840.6662974803558,0.0,0.0,34095.825628360355,111996.19
2019-11-20,0.0,9828.932131500427,0.0,15699.954559246049,29091.236864338134,18963.353973853384,0.0,3842.644492843467,0.0,0.0,34013.74885047188,111439.87
2019-11-21,0.0,9849.7681795726,0.0,15689.385757792501,29062.614321610956,18876.296225781065,0.0,3788.244120357909,0.0,0.0,33838.27435981376,111104.58
2019-11-22,0.0,9855.450738137739,0.0,15800.358173054758,29216.46048876955,18850.17890135937,0.0,3767.4730690452425,0.0,0.0,34056.20235627626,111546.12
2019-11-25,0.0,9885.757717151808,0.0,15911.330588317014,29431.129559223406,19115.70503297995,0.0,3770.4403620899084,0.0,0.0,34347.71642946636,112462.08
2019-11-26,0.0,9912.276323789118,0.0,15890.192985409918,29509.84155172315,19126.58725148899,0.0,3823.8516368939104,0.0,0.0,34596.77699685207,112859.53
2019-11-27,0.0,9982.361212759155,0.0,15953.60579413121,29484.796826836864,19241.938767684813,0.0,3837.2044555949115,0.0,0.0,34882.63060260159,113382.54
2019-11-29,0.0,9955.842606121843,0.0,15927.448010533677,29345.26193104186,19178.821900332383,0.0,3820.884343849244,0.0,0.0,34653.38167125792,112881.64
2019-12-02,0.0,9864.921669079635,0.0,15832.064577415404,28865.83434036159,18917.648656115416,0.0,3755.603896866575,0.0,0.0,34387.33970155045,111623.41
2019-12-03,0.0,9844.085621007462,0.0,15610.119746890887,28550.9863703626,18752.238934778004,0.0,3781.32043658702,0.0,0.0,34025.06978535305,110563.82
2019-12-04,0.0,9893.334461905324,0.0,15763.367367967337,28651.16526990773,18819.708689534054,0.0,3804.069683262799,0.0,0.0,34214.695444612626,111146.34
2019-12-05,0.0,9936.90074423805,0.0,15839.991178505565,28669.05435911222,18893.70777539553,0.0,3808.0260739890214,0.0,0.0,34183.562873689414,111331.24
2019-12-06,0.0,9993.72632988943,0.0,16043.440606486369,29016.102689679283,19098.293483365484,0.0,3810.993367033688,0.0,0.0,34460.925778278055,112423.48
2019-12-09,0.0,9955.842606121843,0.0,16006.44980139895,28912.345972293257,19004.70640418774,0.0,3815.938855441466,0.0,0.0,34494.88858292156,112190.17
2019-12-10,0.0,9923.641440919395,0.0,16001.165400672176,28872.989976043384,19015.58862269678,0.0,3790.7168645617985,0.0,0.0,34438.28390851572,112042.39
2019-12-11,0.0,9967.207723252119,0.0,15969.45899631153,29055.458685929156,19141.822357401645,0.0,3761.5384829559084,0.0,0.0,34523.19092012448,112418.68
2019-12-12,0.0,9974.784468005637,0.0,16286.523039917982,29309.48375263289,19350.760952775214,0.0,3712.083598878129,0.0,0.0,34831.68639563633,113465.32
2019-12-13,0.0,9955.842606121843,0.0,16217.825830469917,29234.349577974033,19479.17113118189,0.0,3719.9963803305736,0.0,0.0,34862.81896655955,113470.0
2019-12-16,0.0,10048.657729352431,0.0,16286.523039917982,29223.616124451346,19646.75729622111,0.0,3747.6911154141303,0.0,0.0,35007.16088629445,113960.41
2019-12-17,0.0,10046.763543164052,0.0,16355.220249366044,29194.99358172416,19609.75775329037,0.0,3704.1708174256846,0.0,0.0,35174.14467579169,114085.05
2019-12-18,0.0,10113.060059757328,0.0,16281.238639191206,29066.19213945185,19605.404865886754,0.0,3756.5929945481303,0.0,0.0,35196.78654555403,114019.28
2019-12-19,0.0,10200.19262442278,0.0,16281.238639191206,29148.481949792495,19740.344375398854,0.0,3797.1459994919096,0.0,0.0,35312.82612808601,114480.23
2019-12-20,0.0,10213.451927741435,0.0,16212.541429743143,29173.526674678782,19788.22613683863,0.0,3779.3422412239092,0.0,0.0,35250.56098623958,114417.65
2019-12-23,0.0,10190.721693480882,0.0,16186.119426109271,29363.151020246347,19853.51944789287,0.0,3759.560287592797,0.0,0.0,35188.29584439315,114541.37
2019-12-24,0.0,10183.144948727364,0.0,16201.972628289595,29259.39430286032,19860.048778998294,0.0,3765.4948736821307,0.0,0.0,35247.73075251929,114517.79
2019-12-26,0.0,10264.594954827677,0.0,16297.09184137153,29327.372841837372,20008.046950721244,0.0,3789.233218039465,0.0,0.0,35675.09604428341,115361.44
2019-12-27,0.0,10243.758906755504,0.0,16270.669837737658,29305.905934791987,20008.046950721244,0.0,3801.102390218132,0.0,0.0,35680.756511723994,115310.24
2019-12-30,0.0,10143.367038771397,0.0,16217.825830469917,29162.793221156087,19900.312987481746,0.0,3799.1241948550205,0.0,0.0,35448.677346660035,114672.1
2019-12-31,0.0,10162.308900655193,0.0,16260.10103628411,29152.059767633393,19955.81230187785,0.0,3826.818929938577,0.0,0.0,35496.791319905,114853.89
2020-01-02,0.0,10275.960071957952,0.0,16423.91745881411,29695.888079449825,20323.631287483404,0.0,3778.353143542354,0.0,0.0,35915.66591050825,116413.42
2020-01-03,0.0,10215.346113929814,0.0,16244.247834103788,29649.376447518156,20105.9869173026,0.0,3808.0260739890214,0.0,0.0,35610.00066871669,115632.98
2020-01-06,0.0,10347.939147116369,0.0,16244.247834103788,29642.22081183636,20158.221566145996,0.0,3810.993367033688,0.0,0.0,35711.88908264721,115915.51
2020-01-07,0.0,10363.092636623403,0.0,16138.559819568303,29610.020451268283,20136.457129127914,0.0,3766.483971363686,0.0,0.0,35658.114641961656,115672.73
2020-01-08,0.0,10436.965897970198,0.0,16228.394631923466,29688.73244376803,20349.748611905103,0.0,3783.2986319501315,0.0,0.0,35748.682121011014,116235.82
2020-01-09,0.0,10486.21473886806,0.0,16349.935848639272,29821.111703881237,20578.275200594944,0.0,3784.287729631687,0.0,0.0,35946.79848143147,116966.62
2020-01-10,0.0,10450.225201288853,0.0,16228.394631923466,29610.020451268283,20536.922770260593,0.0,3819.895246167688,0.0,0.0,35762.83328961247,116408.29
2020-01-13,0.0,10550.579185549192,0.0,16339.367047185724,29867.623335812907,20811.154676688406,0.0,3868.361032563912,0.0,0.0,35876.04263842416,117313.13
2020-01-14,0.0,10522.204276447268,0.0,16302.376242098304,29860.46770013111,20693.62671679077,0.0,3848.5790789328003,0.0,0.0,35861.891469822694,117089.15
2020-01-15,0.0,10567.664744968371,0.0,16217.825830469917,29903.40151422188,20713.214710107044,0.0,3878.2520093794683,0.0,0.0,35779.814691934225,117060.17
2020-01-16,0.0,10651.008937257064,0.0,16344.651447912496,30200.360395016378,20998.328835043896,0.0,3909.903135189247,0.0,0.0,36099.63110232724,118203.88
2020-01-17,0.0,10732.458943357375,0.0,16402.77985590701,30196.782577175487,21139.79767566142,0.0,3914.848623597025,0.0,0.0,36224.1613860201,118610.83
2020-01-21,0.0,10726.776384792238,0.0,16265.385437010886,29878.3567893356,21131.091900854186,0.0,3957.379823903915,0.0,0.0,36125.10320580987,118084.09
2020-01-22,0.0,10717.30545385034,0.0,16312.945043551852,29706.621532972516,21207.267430417465,0.0,3926.154010097205,0.0,0.0,36093.97063488666,117964.26
2020-01-23,0.0,10677.527543894374,0.0,16270.669837737658,30039.358592175988,21311.736728104253,0.0,3962.819861152471,0.0,0.0,36144.91484185192,118407.03
2020-01-24,0.0,10548.722883084578,0.0,16054.009407939917,29892.66806069919,21209.443874119275,0.0,3955.4016285408043,0.0,0.0,35655.284408241365,117315.53
2020-01-27,0.0,10383.928684695577,0.0,15805.642573781532,29330.950659678274,20706.68537900162,0.0,3937.597870272804,0.0,0.0,35120.37023510614,115285.18
2020-01-28,0.0,10505.156600751854,0.0,15990.596599218628,29520.575005245846,21096.268801625258,0.0,3949.9615912922486,0.0,0.0,35459.99828154121,116522.56
2020-01-29,0.0,10482.426366491301,0.0,15969.45899631153,29677.998990245338,21148.503450468652,0.0,3926.717795775692,0.0,0.0,35437.35641177886,116642.46
2020-01-30,0.0,10383.928684695577,0.0,16164.981823202175,29706.621532972516,21333.501165122332,0.0,3935.619674909692,0.0,0.0,35389.242438533896,116913.9
2020-01-31,0.0,10213.451927741435,0.0,15842.633378868952,29023.258325361083,20745.861365634162,0.0,3881.219302424135,0.0,0.0,35474.149450142664,115180.57
2020-02-03,0.0,10334.679843797712,0.0,15937.752591950886,29012.52487183839,21024.44615946559,0.0,3887.1538885134682,0.0,0.0,35717.549550087795,115914.11
2020-02-04,0.0,10440.754270346955,0.0,16101.569014480885,29554.56427473437,21575.086416023023,0.0,3934.6305772281366,0.0,0.0,36343.031202272374,117949.64
2020-02-05,0.0,10455.907759853992,0.0,16418.633058087336,30046.514227857788,21705.673038131506,0.0,3931.66328418347,0.0,0.0,36560.959198734876,119119.35
2020-02-06,0.0,10588.500793040545,0.0,16397.49545518024,30139.53749172112,21899.376527592423,0.0,3946.499749406804,0.0,0.0,36481.7126545667,119453.12
2020-02-07,0.0,10580.924048287028,0.0,16349.935848639272,29932.024056949063,21699.143707026084,0.0,3949.4670424514707,0.0,0.0,36314.72886506945,118826.22
2020-02-10,0.0,10645.326378691925,0.0,16381.642252999916,30103.759313312148,21992.963606770165,0.0,3997.9328288476945,0.0,0.0,36727.94298823212,119849.57
2020-02-11,0.0,10633.96126156165,0.0,16445.055061721207,30211.093848539072,21921.140964610502,0.0,4045.4095175623625,0.0,0.0,37010.966360261344,120267.63
2020-02-12,0.0,10764.660108559823,0.0,16455.623863174755,30486.585822288183,22149.667553300344,0.0,4072.1151549643637,0.0,0.0,37387.3874450602,121316.04
2020-02-13,0.0,10768.448480936584,0.0,16455.623863174755,30311.272748084204,22093.080017053337,0.0,4096.842597003254,0.0,0.0,37322.29206949349,121047.56
2020-02-14,0.0,10783.601970443618,0.0,16468.834864991688,30282.650205357026,22188.843539932892,0.0,4142.341090354811,0.0,0.0,37271.34786252822,121137.62
2020-02-18,0.0,12157.666410189233,0.0,5788.358041107109,15810.355348351595,65274.022561708305,0.0,0.0,0.0,0.0,21799.411911664713,120829.81
2020-02-19,0.0,12210.682572801257,0.0,5829.6073838423945,15800.965661127251,66019.13047522515,0.0,0.0,0.0,0.0,21898.74848907034,121759.13
2020-02-20,0.0,12087.685075541363,0.0,5822.11431522563,15774.674536899085,65351.102690692795,0.0,0.0,0.0,0.0,21911.993366057755,120947.57
2020-02-21,0.0,11903.18882965152,0.0,5764.04303344571,15708.946726328673,63880.15689590524,0.0,0.0,0.0,0.0,21574.249002878627,118830.58
2020-02-24,0.0,11502.386640304623,0.0,5578.589585180801,15246.974114890912,61220.89244593996,0.0,0.0,0.0,0.0,20832.535891583284,114381.38
2020-02-25,0.0,11199.13419016385,0.0,5387.516335453319,14634.76650786364,59306.73590949151,0.0,0.0,0.0,0.0,20274.595448488348,110802.75
2020-02-26,0.0,11182.169018128001,0.0,5353.79752667788,14523.968198616372,59525.129608280935,0.0,0.0,0.0,0.0,20115.656924639345,110700.72
2020-02-27,0.0,10736.833252187003,0.0,5117.765865249814,13975.610464714642,56332.72759950618,0.0,0.0,0.0,0.0,19291.163332172648,105454.1
2020-02-28,0.0,10783.487475285585,0.0,4990.3836987648265,13831.009281459736,56910.82856688993,0.0,0.0,0.0,0.0,19195.137974013873,105710.85
2020-03-02,0.0,11137.635441533903,0.0,5233.9084288096565,14204.718832988652,60058.267167090395,0.0,0.0,0.0,0.0,19837.51450790359,110472.04
2020-03-03,0.0,10770.7635962587,0.0,5035.34211046541,13853.54453079816,57745.86329755537,0.0,0.0,0.0,0.0,19352.42088823945,106757.93
2020-03-04,0.0,11154.60061356975,0.0,5202.062887188409,14430.071326372925,60238.120801387566,0.0,0.0,0.0,0.0,20019.631566480573,111044.49
2020-03-05,0.0,10747.436484709408,0.0,4954.791622835197,13723.966847102203,58317.540920857085,0.0,0.0,0.0,0.0,19267.984797444667,107011.72
2020-03-06,0.0,10562.940238819567,0.0,4789.944113266389,13603.778850630591,57109.95223343323,0.0,0.0,0.0,0.0,18981.564332591777,105048.18
2020-03-09,0.0,9861.006245836375,0.0,4265.429310092909,12351.19457490301,52754.92494580892,0.0,0.0,0.0,0.0,17782.90296523055,97015.46
2020-03-10,0.0,10367.84076040732,0.0,4527.686711679649,13000.960930827663,56300.61087909598,0.0,0.0,0.0,0.0,18764.679471922827,102961.78
2020-03-11,0.0,9920.553999682199,0.0,4276.668913018055,12232.884515876267,53628.499740966596,0.0,0.0,0.0,0.0,17741.512724644876,97800.12
2020-03-12,0.0,9004.265058026074,0.0,3813.9719259328776,10950.253241030781,48425.59103451278,0.0,0.0,0.0,0.0,15912.064090757922,88106.15
2020-03-13,0.0,9795.266204197465,0.0,4325.37385902702,11829.127965229445,54097.40385895565,0.0,0.0,0.0,0.0,16920.33035142503,96967.5
2020-03-16,0.0,8690.409375362895,0.0,3724.0551025317095,10477.013004923809,46620.63134745905,0.0,0.0,0.0,0.0,14797.838814191478,84309.95
2020-03-17,0.0,9067.884453160503,0.0,3930.1144894927197,10916.45036702314,49780.91663582359,0.0,0.0,0.0,0.0,15330.945112935007,89026.31
2020-03-18,0.0,8762.511356515248,0.0,3592.9264017383393,10127.735419552635,47847.490067129016,0.0,0.0,0.0,0.0,14479.961766493474,84810.63
2020-03-19,0.0,8932.163076873723,0.0,3671.603622214362,10172.787138855041,47995.226981015985,0.0,0.0,0.0,0.0,14988.233920885597,85760.01
2020-03-20,0.0,8520.75765500442,0.0,3542.3481885751826,9639.452904512262,45869.10008986016,0.0,0.0,0.0,0.0,14561.086638041405,82132.75
2020-03-23,0.0,8558.929292085077,0.0,3300.6967256845437,9154.945043736076,45091.875455933114,0.0,0.0,0.0,0.0,14473.339327999767,80579.79
2020-03-24,0.0,9065.763806656023,0.0,3718.435301069137,10323.022134444556,49870.84345297218,0.0,0.0,0.0,0.0,15855.7733635614,88833.84
2020-03-25,0.0,8925.80113736028,0.0,3819.591727395451,10877.013680680893,49755.22325949542,0.0,0.0,0.0,0.0,16128.948951426873,89506.58
2020-03-26,0.0,9443.238884453629,0.0,4063.116457440281,11541.803536164498,52883.391827449756,0.0,0.0,0.0,0.0,16794.50402004457,94726.05
2020-03-27,0.0,9063.643160151541,0.0,3931.9877566469104,11064.807425167788,50513.17786117635,0.0,0.0,0.0,0.0,16243.186015443343,90816.8
2020-03-30,0.0,9400.82595436401,0.0,4012.5382442771242,11222.554170536778,52607.18803192196,0.0,0.0,0.0,0.0,16575.963549752192,93819.07
2020-03-31,0.0,9377.49884281472,0.0,3896.3956807172817,11081.708862171607,51675.803140025906,0.0,0.0,0.0,0.0,16229.941138455926,92261.35
2020-04-01,0.0,8995.782472008152,0.0,3662.237286443407,10585.933376726207,49209.23901252187,0.0,0.0,0.0,0.0,15522.995829252553,87976.19
2020-04-02,0.0,9116.659322763566,0.0,3754.0273769987657,10728.656622536248,50333.32422687918,0.0,0.0,0.0,0.0,15569.352898708512,89502.02
2020-04-03,0.0,8947.007602405089,0.0,3677.2234236769345,10576.543689501863,49511.136184377836,0.0,0.0,0.0,0.0,15299.488530089891,88011.4
2020-04-06,0.0,9525.944098128386,0.0,3939.480825263675,11299.549605776405,53789.08334301764,0.0,0.0,0.0,0.0,16590.864036363037,95144.92
2020-04-07,0.0,9600.16672578522,0.0,3982.565969810068,11286.404043662322,53275.2158164543,0.0,0.0,0.0,0.0,16832.583041383394,94976.94
2020-04-08,0.0,9805.869436719871,0.0,4156.779815149831,11690.160594309144,54726.89157899574,0.0,0.0,0.0,0.0,17350.78885351608,97730.49
2020-04-09,0.0,9877.971417872222,0.0,4377.825339344369,11861.052901792216,54746.16161124187,0.0,0.0,0.0,0.0,17663.6990723438,98526.71
2020-04-13,0.0,9897.057236412551,0.0,4220.470898392325,11534.291786385022,54868.20514880066,0.0,0.0,0.0,0.0,17648.798585732955,98168.82
2020-04-14,0.0,10189.70645403092,0.0,4235.457035625853,11746.498717655211,57142.06895384344,0.0,0.0,0.0,0.0,18345.81023719577,101659.54
2020-04-15,0.0,10085.794775311355,0.0,4053.1881415230678,11419.737602248017,55934.48026641959,0.0,0.0,0.0,0.0,17941.841489079558,99435.04
2020-04-16,0.0,10123.966412392012,0.0,3978.8194355016853,11318.328980225095,56583.23801870581,0.0,0.0,0.0,0.0,18162.03756899536,100166.39
2020-04-17,0.0,10255.44649566983,0.0,4197.055058964937,11849.785277123003,57360.46265263286,0.0,0.0,0.0,0.0,18698.45508698574,102361.2
2020-04-20,0.0,10172.741281995073,0.0,4117.44120491182,11534.291786385022,56358.42097583434,0.0,0.0,0.0,0.0,18362.36633343004,100545.26
2020-04-21,0.0,9848.282366809488,0.0,3988.1857712726405,11258.234981989288,54033.17041813523,0.0,0.0,0.0,0.0,17883.895152259607,97011.77
2020-04-22,0.0,10133.509321662175,0.0,4042.5105187441795,11406.592040133934,56217.10740602943,0.0,0.0,0.0,0.0,18322.63170246779,100122.35
2020-04-23,0.0,10183.34451451748,0.0,4010.6649771229327,11470.441913259478,55722.509911712215,0.0,0.0,0.0,0.0,18272.963413764977,99659.92
2020-04-24,0.0,10314.824597795296,0.0,4072.4827932112357,11560.582910613188,56917.25191097198,0.0,0.0,0.0,0.0,18592.496071086407,101457.64
2020-04-27,0.0,10401.771104479014,0.0,4214.851096929752,11853.54115201274,57437.54278161736,0.0,0.0,0.0,0.0,18933.551653512393,102841.26
2020-04-28,0.0,10213.03356558021,0.0,4256.062974321953,12073.259833062408,56653.894803608266,0.0,0.0,0.0,0.0,19003.08725769633,102199.34
2020-04-29,0.0,10715.626787142195,0.0,4381.5718736527515,12309.879951115892,58979.145361307375,0.0,0.0,0.0,0.0,19423.612102046813,105809.84
2020-04-30,0.0,10656.248685016728,0.0,4265.429310092909,12045.090771389374,58722.211598025715,0.0,0.0,0.0,0.0,19304.40820916006,104993.39
2020-05-01,0.0,10503.5621366941,0.0,4129.617441414061,11701.428218978357,57090.682201187105,0.0,0.0,0.0,0.0,18584.21802296927,102009.51
2020-05-04,0.0,10575.66411784645,0.0,4091.2154647531456,11544.620442331801,57848.63680286804,0.0,0.0,0.0,0.0,18673.620942634338,102733.76
2020-05-05,0.0,10630.800926962957,0.0,4085.5956632905727,11586.874034841352,58664.401501287335,0.0,0.0,0.0,0.0,18746.46776606513,103714.14
2020-05-06,0.0,10601.111875900224,0.0,3993.805572735214,11429.12728947236,59120.458931112305,0.0,0.0,0.0,0.0,18751.43459493541,103895.94
2020-05-07,0.0,10802.573293825912,0.0,4087.468930444764,11566.216722947795,60013.30375851611,0.0,0.0,0.0,0.0,19049.44432715229,105519.01
2020-05-08,0.0,10993.855608530093,0.0,4173.63921953755,11847.907339678135,60867.60852142766,0.0,0.0,0.0,0.0,19420.300882799962,107303.31
2020-05-11,0.0,10999.79341874264,0.0,4094.961999061528,11705.184093868094,61297.97257492446,0.0,0.0,0.0,0.0,19378.910642214283,107476.82
2020-05-12,0.0,10787.728768294546,0.0,3986.31250411845,11374.667103571162,59994.03372626998,0.0,0.0,0.0,0.0,18941.829701629526,105084.57
2020-05-13,0.0,10603.232522404704,0.0,3866.423406250226,11083.586799616476,58972.722017225344,0.0,0.0,0.0,0.0,18622.297044308096,103148.26
2020-05-14,0.0,10715.626787142195,0.0,3971.3263668849218,11205.652733532957,59756.36999523443,0.0,0.0,0.0,0.0,18905.40628991413,104554.38
2020-05-15,0.0,10861.951395951379,0.0,3941.3540924178656,11166.21604719071,60026.15044668019,0.0,0.0,0.0,0.0,19112.35749284252,105108.03
2020-05-18,0.0,14148.607133337298,0.0,7765.135726039083,6652.40559748027,57779.62660827414,0.0,0.0,0.0,0.0,22139.283069698486,108485.06
2020-05-19,0.0,14140.499049020198,0.0,7570.525189667365,6566.337869649191,57568.42170683398,0.0,0.0,0.0,0.0,22078.28312469556,107924.07
2020-05-20,0.0,14529.687096240938,0.0,7738.83700490777,6689.141822774023,58817.54783820867,0.0,0.0,0.0,0.0,22359.2525683454,110134.47
2020-05-21,0.0,14432.390084435752,0.0,7714.291531851878,6704.361116110007,58021.00363849148,0.0,0.0,0.0,0.0,22438.7373451674,109310.78
2020-05-22,0.0,14524.281706696207,0.0,7693.252554946828,6696.489067832774,58226.1741141762,0.0,0.0,0.0,0.0,22412.8585806207,109553.06
2020-05-26,0.0,14556.714043964601,0.0,8082.473627690263,6983.031625124051,58189.967559643614,0.0,0.0,0.0,0.0,22773.31280109254,110585.5
2020-05-27,0.0,14654.011055769784,0.0,8433.12324277444,7214.99464769318,58491.68884741528,0.0,0.0,0.0,0.0,23154.100336565356,111947.92
2020-05-28,0.0,14521.579011923839,0.0,8301.629637117874,7147.819835727459,58383.069183817475,0.0,0.0,0.0,0.0,22878.67634246123,111232.77
2020-05-29,0.0,14632.389497590855,0.0,8203.447744894303,7110.034003996741,59200.73387367869,0.0,0.0,0.0,0.0,22945.221737009877,112091.83
2020-06-01,0.0,14770.226930981533,0.0,8303.382885193294,7120.530068366386,59089.096997203174,0.0,0.0,0.0,0.0,23179.97910111205,112463.22
2020-06-02,0.0,14826.983521201226,0.0,8370.006312059288,7210.796221945323,59638.22974094761,0.0,0.0,0.0,0.0,23366.675902484643,113412.69
2020-06-03,0.0,14878.334721876183,0.0,8685.590965635047,7493.140353488742,60120.983801382274,0.0,0.0,0.0,0.0,23814.008832506104,114992.06
2020-06-04,0.0,14756.713457119704,0.0,8864.422269327977,7571.860836261071,59638.22974094761,0.0,0.0,0.0,0.0,23704.9483247736,114536.17
2020-06-05,0.0,15016.172155266862,0.0,9211.565388261311,7858.392897487978,61270.54190779232,0.0,0.0,0.0,0.0,24261.341762527565,117618.01
2020-06-08,0.0,15282.387590344939,0.0,9362.344722747506,8005.3482947273615,61490.79844786564,0.0,0.0,0.0,0.0,24636.58384845466,118777.46
2020-06-09,0.0,15254.009295235091,0.0,9185.266667129998,7815.8943328552905,61877.001696213374,0.0,0.0,0.0,0.0,24451.73553026397,118583.91
2020-06-10,0.0,15202.658094560133,0.0,8831.110555894978,7622.766748453843,62854.578668593575,0.0,0.0,0.0,0.0,24211.432716616077,118722.55
2020-06-11,0.0,14491.84936942781,0.0,8112.2788449724185,7089.566678475936,59252.02649259987,0.0,0.0,0.0,0.0,22934.130837918434,111879.85
2020-06-12,0.0,14567.524823054066,0.0,8208.707489120567,7159.365506534067,59801.159236344305,0.0,0.0,0.0,0.0,23072.76707656145,112809.52
2020-06-15,0.0,14859.41585846962,0.0,8471.694700433698,7294.7647369024735,60561.49688152891,0.0,0.0,0.0,0.0,23385.16073430371,114572.53
2020-06-16,0.0,14989.1452075432,0.0,8601.435058014844,7437.511212329629,61864.932844702504,0.0,0.0,0.0,0.0,23880.55422705475,116773.58
2020-06-17,0.0,15005.361376177398,0.0,8475.201196584541,7383.981284044446,61834.76071592534,0.0,0.0,0.0,0.0,23817.705798869916,116517.01
2020-06-18,0.0,15048.604492535258,0.0,8468.188204282857,7354.5923038094425,62154.58528096331,0.0,0.0,0.0,0.0,23732.675572502198,116758.65
2020-06-19,0.0,15013.469460494496,0.0,8405.071273567704,7266.425363104436,61774.41645837101,0.0,0.0,0.0,0.0,23544.1302879477,116003.51
2020-06-22,0.0,15018.874850039228,0.0,8317.408869796662,7246.482840802112,62685.61474744144,0.0,0.0,0.0,0.0,23730.827089320293,116999.21
2020-06-23,0.0,15108.063777527315,0.0,8352.473831305078,7247.532447239076,63132.16225334351,0.0,0.0,0.0,0.0,23915.67540751098,117755.91
2020-06-24,0.0,14767.524236209169,0.0,8064.941146936055,6995.626902367624,61720.10662657211,0.0,0.0,0.0,0.0,23392.554667031338,114940.75
2020-06-25,0.0,14835.091605518324,0.0,8273.577667911139,7073.297778702989,62486.47869751214,0.0,0.0,0.0,0.0,23438.76674657901,116107.21
2020-06-26,0.0,14178.336775833326,0.0,7917.6683086007,6942.09697408244,61273.55912067004,0.0,0.0,0.0,0.0,22873.13089291551,113184.79
2020-06-29,0.0,14437.795473980486,0.0,8000.070968145482,7169.861570903712,61943.38037952314,0.0,0.0,0.0,0.0,23313.069890209343,114864.18
2020-06-30,0.0,14602.659855094827,0.0,8121.045085349522,7214.99464769318,63035.61144125657,0.0,0.0,0.0,0.0,23608.82719931444,116583.14
2020-07-01,0.0,14967.523649364271,0.0,8043.902170031004,7179.308028836392,63180.437659386975,0.0,0.0,0.0,0.0,23849.130012962334,117220.3
2020-07-02,0.0,14926.983227778775,0.0,8056.17490655895,7241.23480861729,63524.39992744667,0.0,0.0,0.0,0.0,23945.25113842149,117694.04
2020-07-06,0.0,15224.279652739064,0.0,8212.213985271408,7345.145845876765,64628.69984069097,0.0,0.0,0.0,0.0,24507.19002572118,119917.53
2020-07-07,0.0,15181.036536381203,0.0,8043.902170031004,7204.498583323537,63983.01628485961,0.0,0.0,0.0,0.0,24109.766141611202,118522.22
2020-07-08,0.0,15313.468580227149,0.0,8128.058077651206,7202.399370449608,65002.83423752784,0.0,0.0,0.0,0.0,24383.341652533418,120030.1
2020-07-09,0.0,15332.387443633712,0.0,7952.733270109118,7048.632027434325,65238.17684198974,0.0,0.0,0.0,0.0,24355.61440480481,119927.54
2020-07-10,0.0,15591.846141780872,0.0,8230.167245563718,7138.373377794781,65208.00471321258,0.0,0.0,0.0,0.0,24636.58384845466,120804.98
2020-07-13,0.0,15272.928158641655,0.0,8257.798435232351,7170.911177340676,63874.3966212618,0.0,0.0,0.0,0.0,24329.735640258117,118905.77
2020-07-14,0.0,15429.684455438899,0.0,8312.149125570399,7326.252930011405,64580.4244346475,0.0,0.0,0.0,0.0,24571.88693708792,120220.4
2020-07-15,0.0,15524.278772471716,0.0,8471.694700433698,7510.983662917137,64942.48997997351,0.0,0.0,0.0,0.0,24930.49267437785,121379.94
2020-07-16,0.0,15559.413804512478,0.0,8471.694700433698,7512.0332693541,64164.04905752261,0.0,0.0,0.0,0.0,24860.25031346539,120567.44
2020-07-17,0.0,15510.765298609886,0.0,8398.058281266021,7555.067133269641,64453.70149378341,0.0,0.0,0.0,0.0,24740.09890664144,120657.69
2020-07-20,0.0,15702.65662744789,0.0,8362.993319757605,7464.8009796907045,66107.13415077214,0.0,0.0,0.0,0.0,25133.8258243876,122771.41
2020-07-21,0.0,15629.683868594,0.0,8524.292142696324,7563.463984765356,65455.41616918534,0.0,0.0,0.0,0.0,25181.886387117178,122354.74
2020-07-22,0.0,15640.494647683465,0.0,8520.785646545484,7625.390764546255,65980.41120990804,0.0,0.0,0.0,0.0,25388.91650349075,123156.0
2020-07-23,0.0,15381.035949536305,0.0,8533.05838307343,7601.249816496074,64266.63429536497,0.0,0.0,0.0,0.0,25008.128968017936,120790.11
2020-07-24,0.0,15367.522475674474,0.0,8506.759661942117,7538.798233496693,63494.227798669504,0.0,0.0,0.0,0.0,25059.886497111325,119967.19
2020-07-27,0.0,15467.522182252025,0.0,8436.629738925281,7569.761623387143,64483.873622560575,0.0,0.0,0.0,0.0,25218.85605075532,121176.64
2020-07-28,0.0,15313.468580227149,0.0,8415.59076202023,7521.47972728678,63741.63925464227,0.0,0.0,0.0,0.0,24961.916888470263,119954.1
2020-07-29,0.0,15448.60331884546,0.0,8576.889584958952,7631.68840316804,64676.975246734444,0.0,0.0,0.0,0.0,25213.3106012096,121547.47
2020-07-30,0.0,15499.954519520421,0.0,8424.357002397335,7557.166346143569,65033.006366305,0.0,0.0,0.0,0.0,25209.613634845784,121724.1
2020-07-31,0.0,15705.359322220254,0.0,8429.616746623597,7529.876578782495,66656.26689451656,0.0,0.0,0.0,0.0,25322.371108942105,123643.49
2020-08-03,0.0,15726.980880399185,0.0,8447.149227377806,7559.265559017498,68273.49299697271,0.0,0.0,0.0,0.0,25279.855995758244,125286.74
2020-08-04,0.0,15818.872502659638,0.0,8412.08426586939,7579.208081319821,68448.49134388028,0.0,0.0,0.0,0.0,25473.946729858464,125732.6
2020-08-05,0.0,15799.953639253074,0.0,8531.305134998009,7726.152982494836,68677.79952258673,0.0,0.0,0.0,0.0,25780.794938055005,126516.01
2020-08-06,0.0,16210.763244652742,0.0,8524.292142696324,7753.44274985591,69691.58304949953,0.0,0.0,0.0,0.0,25908.340277606578,128088.42
2020-08-07,0.0,16197.249770790911,0.0,8710.136438690939,7886.742767350386,68641.59296805414,0.0,0.0,0.0,0.0,25950.85539079043,127386.58
2020-08-10,0.0,16143.195875343587,0.0,8762.733880953565,8077.7711388779035,68442.45691812484,0.0,0.0,0.0,0.0,26254.00663262316,127680.16
2020-08-11,0.0,15905.358735375357,0.0,8878.448253931343,8121.854609230408,67223.50291552731,0.0,0.0,0.0,0.0,26209.643036257396,126338.81
2020-08-12,0.0,16089.141979896263,0.0,8852.149532800031,8148.094770154517,68732.10935438564,0.0,0.0,0.0,0.0,26553.460908092075,128374.96
2020-08-17,0.0,14844.666876091282,0.0,7995.714584826805,6035.69970693851,69036.50981192639,0.0,0.0,5864.298432222609,0.0,25290.33552466599,129067.22
2020-08-18,0.0,14983.44840281267,0.0,7944.066852345081,6002.0681030252845,69289.34669822747,0.0,0.0,5836.095338601638,0.0,25439.848747675635,129494.87
2020-08-19,0.0,14938.840054937938,0.0,7937.610885784866,5986.425496554018,69138.84855161968,0.0,0.0,5820.53501108662,0.0,25328.583093342873,129150.84
2020-08-20,0.0,15122.229929534058,0.0,7866.595253622497,5956.7045442586095,70126.1163933668,0.0,0.0,5768.991426193121,0.0,25283.38142127019,130124.02
2020-08-21,0.0,15052.839166173364,0.0,7850.455337221958,5978.604193318383,70986.96579196338,0.0,0.0,5777.744110420318,0.0,25415.50938579034,131062.12
